Gene WB ID,Sequence Name (Gene),Gene Public Name,DNA binding domain,Closest Human Protein ID,HUGO ID,Commercially available feeding RNAi clone
WBGene00019424,K06A1.1,aptf-1,AP-2,ENSP00000263543,TFAP2E,"1, 2"
WBGene00009202,F28C6.1,F28C6.1,AP-2,,,"1, 2"
WBGene00009203,F28C6.2,F28C6.2,AP-2,,,"1, 2"
WBGene00013383,Y62E10A.17,Y62E10A.17,AP-2,,,"1, 2"
WBGene00000476,T23D8.8,cfi-1,ARID/BRIGHT,ENSP00000263620,ARID3A,"1, 2"
WBGene00002717,C01G8.9,let-526,ARID/BRIGHT,ENSP00000337170,ARID1A,"1, 2"
WBGene00004319,ZK593.4,rbr-2,ARID/BRIGHT,ENSP00000235790,JARID1B,"1, 2"
WBGene00044689,Y108G3AL.7,Y108G3AL.7,ARID/BRIGHT,,,
WBGene00019217,H20J04.2,athp-2,AT Hook,ENSP00000353458,BAZ1A,1
WBGene00015477,C05D10.1,attf-4,AT Hook,,,"1, 2"
WBGene00020214,T04G9.1,attf-5,AT Hook,,,"1, 2"
WBGene00007094,B0019.2,B0019.2,AT Hook,,,1
WBGene00045419,R07B5.9,lsy-12,AT Hook,,,1
WBGene00009180,F26H11.2,nurf-1,AT Hook,ENSP00000334351,,1
WBGene00007761,C27B7.4,rad-26,AT Hook,ENSP00000296477,,1
WBGene00011964,T23G5.6,saeg-2,AT Hook,ENSP00000217439,DNTTIP1,"1, 2"
WBGene00011729,T12D8.1,set-16,AT Hook,ENSP00000301067,MLL2,1
WBGene00020408,T10D4.6,T10D4.6,AT Hook,,,"1, 2"
WBGene00012715,Y39E4B.2,Y39E4B.2,AT Hook,,,2
WBGene00017482,F15E6.1,set-9,AT Hook x1,ENSP00000257745,,1
WBGene00008081,C44B9.4,athp-1,AT Hook x2,,,"1, 2"
WBGene00012474,Y18D10A.1,attf-6,AT Hook x2,ENSP00000251819,PRG4,1
WBGene00003210,C38D4.3,mel-28,AT Hook x2,ENSP00000311997,NEFH,1
WBGene00001514,C05D2.5,xnd-1,AT Hook x2,,,1
WBGene00023497,ZK662.4,lin-15B,"AT Hook x2, ZF - THAP",,,
WBGene00017317,F09G2.9,attf-2,AT Hook x3,,,"1, 2"
WBGene00017423,F13C5.2,F13C5.2,AT Hook x3,,,"1, 2"
WBGene00001976,T05A7.4,hmg-11,AT Hook x3,,,"1, 2"
WBGene00004157,W03D2.1,pqn-75,AT Hook x3,,,"1, 2"
WBGene00013799,Y116A8C.22,athp-3,AT Hook x5,,,"1, 2"
WBGene00001977,Y17G7A.1,hmg-12,AT Hook x7,,,"1, 2"
WBGene00002169,F37A4.8,isw-1,"AT Hook, MYB x2",ENSP00000218157,SMARCA1,"1, 2"
WBGene00008092,C44F1.2,gmeb-3,"AT Hook, SAND",ENSP00000355186,,"1, 2"
WBGene00007732,C25G4.4,gmeb-4,"AT Hook, SAND",ENSP00000294409,GMEB1,"1, 2"
WBGene00000095,C25A1.11,aha-1,bHLH,ENSP00000307479,ARNT2,"1, 2"
WBGene00000096,C41G7.5,ahr-1,bHLH,ENSP00000242057,AHR,"1, 2"
WBGene00000521,C15C8.2,cky-1,bHLH,ENSP00000311196,,2
WBGene00000561,C34E10.7,cnd-1,bHLH,ENSP00000295108,NEUROD1,"1, 2"
WBGene00001851,F38A6.3,hif-1,bHLH,ENSP00000323326,,1
WBGene00001948,B0304.1,hlh-1,bHLH,ENSP00000228641,MYF6,"1, 2"
WBGene00001954,ZK682.4,hlh-10,bHLH,ENSP00000237316,TCF21,"1, 2"
WBGene00001955,F58A4.7,hlh-11,bHLH,ENSP00000204517,TFAP4,"1, 2"
WBGene00001956,C28C12.8,hlh-12,bHLH,,,1
WBGene00001957,F48D6.3,hlh-13,bHLH,ENSP00000306982,PTF1A,1
WBGene00001958,C18A3.8,hlh-14,bHLH,ENSP00000302216,ATOH1,1
WBGene00001959,C43H6.8,hlh-15,bHLH,ENSP00000302189,NHLH1,"1, 2"
WBGene00001960,DY3.3,hlh-16,bHLH,ENSP00000245673,BHLHB4,1
WBGene00001961,F38C2.2,hlh-17,bHLH,ENSP00000318799,BHLHB5,
WBGene00001962,F57C12.3,hlh-19,bHLH,,,"1, 2"
WBGene00001949,M05B5.5,hlh-2,bHLH,ENSP00000262965,TCF3,"1, 2"
WBGene00001964,C17C3.7,hlh-25,bHLH,,,1
WBGene00001966,C17C3.10,hlh-27,bHLH,,,1
WBGene00001950,T24B8.6,hlh-3,bHLH,ENSP00000266744,ASCL1,1
WBGene00020930,W02C12.3,hlh-30,bHLH,ENSP00000324246,,"1, 2"
WBGene00009540,F38C2.8,hlh-31,bHLH,ENSP00000318799,BHLHB5,1
WBGene00013665,Y105C5B.29,hlh-32,bHLH,ENSP00000318799,BHLHB5,
WBGene00021446,Y39A3CR.6,hlh-33,bHLH,,,"1, 2"
WBGene00011327,T01D3.2,hlh-34,bHLH,ENSP00000348460,NPAS3,"1, 2"
WBGene00001951,T05G5.2,hlh-4,bHLH,,,"1, 2"
WBGene00001952,T15H9.3,hlh-6,bHLH,ENSP00000318846,ASCL3,"1, 2"
WBGene00001953,C02B8.4,hlh-8,bHLH,ENSP00000242261,TWIST1,"1, 2"
WBGene00001981,C44C10.8,hnd-1,bHLH,,,"1, 2"
WBGene00003008,Y54G2A.1,lin-22,bHLH,ENSP00000232424,HES1,
WBGene00003018,T14F9.5,lin-32,bHLH,ENSP00000302216,ATOH1,"1, 2"
WBGene00003163,R03E9.1,mdl-1,bHLH,ENSP00000331152,,"1, 2"
WBGene00003378,T20B12.6,mml-1,bHLH,ENSP00000312834,,"1, 2"
WBGene00003509,T19B10.11,mxl-1,bHLH,ENSP00000351490,MAX,"1, 2"
WBGene00003510,F40G9.11,mxl-2,bHLH,ENSP00000246912,MLX,"1, 2"
WBGene00003511,F46G10.6,mxl-3,bHLH,ENSP00000351490,MAX,"1, 2"
WBGene00003595,Y69A2AR.29,ngn-1,bHLH,ENSP00000295108,NEUROD1,1
WBGene00004735,Y47D3B.7,sbp-1,bHLH,ENSP00000354476,SREBF2,"1, 2"
WBGene00001965,C17C3.8,hlh-26,bHLH - 2 domains,,,"1, 2"
WBGene00001967,F31A3.2,hlh-28,bHLH - 2 domains,,,1
WBGene00001968,F31A3.4,hlh-29,bHLH - 2 domains,,,"1, 2"
WBGene00004334,T01E8.2,ref-1,bHLH - 2 domains,,,1
WBGene00000221,T04C10.4,atf-5,bZIP,,,"1, 2"
WBGene00000222,F45E6.2,atf-6,bZIP,ENSP00000263291,ATF6,"1, 2"
WBGene00000223,C07G2.2,atf-7,bZIP,ENSP00000344614,,2
WBGene00017535,F17A9.3,atf-8,bZIP,ENSP00000222122,DBP,2
WBGene00013878,ZC376.7,atfs-1,bZIP,,,2
WBGene00016754,C48E7.11,C48E7.11,bZIP,ENSP00000284000,CEBPG,
WBGene00016997,D1005.3,cebp-1,bZIP,ENSP00000352916,,"1, 2"
WBGene00000469,ZK909.4,ces-2,bZIP,ENSP00000222122,DBP,"1, 2"
WBGene00000793,Y41C4A.4,crh-1,bZIP,ENSP00000236996,CREB1,2
WBGene00016162,C27D6.4,crh-2,bZIP,ENSP00000329140,CREB3L2,1
WBGene00001345,F29G9.4,fos-1,bZIP,ENSP00000295499,ATF2,"1, 2"
WBGene00012005,T24H10.7,jun-1,bZIP,,,"1, 2"
WBGene00002783,F57B10.1,let-607,bZIP,ENSP00000078445,,"1, 2"
WBGene00022500,ZC8.4,lfi-1,bZIP,ENSP00000072205,CROCC,"1, 2"
WBGene00003059,C48E7.3,lpd-2,bZIP,ENSP00000352360,,1
WBGene00077521,F45H11.6,maf-1,bZIP,,,
WBGene00003233,F45H11.4,mgl-2,bZIP,ENSP00000282753,GRM1,1
WBGene00004804,T19E7.2,skn-1,bZIP,ENSP00000234401,NFE2L2,"1, 2"
WBGene00020961,W02H5.7,sknr-1,bZIP,ENSP00000234401,NFE2L2,1
WBGene00006959,R74.3,xbp-1,bZIP,ENSP00000216037,XBP1,"1, 2"
WBGene00006986,Y75B8A.35,zip-1,bZIP,,,2
WBGene00012101,T27F2.4,zip-10,bZIP,,,"1, 2"
WBGene00021082,W08E12.1,zip-11,bZIP,,,"1, 2"
WBGene00013560,Y75B8A.29,zip-12,bZIP,,,"1, 2"
WBGene00019327,K02F3.4,zip-2,bZIP,,,"1, 2"
WBGene00012330,W07G1.3,zip-3,bZIP,ENSP00000307356,ATF5,
WBGene00021552,Y44E3B.1,zip-4,bZIP,ENSP00000305422,CEBPB,1
WBGene00007932,C34D1.5,zip-5,bZIP,,,"1, 2"
WBGene00011130,R07H5.10,zip-6,bZIP,ENSP00000350359,CREB5,1
WBGene00013100,Y51H4A.4,zip-7,bZIP,ENSP00000222122,DBP,"1, 2"
WBGene00017755,F23F12.9,zip-8,bZIP,,,"1, 2"
WBGene00077761,F17C11.17,zip-9,bZIP,,,
WBGene00000220,K08F8.2,atf-2,bZIP - 2 domains,ENSP00000297689,NFIL3,"1, 2"
WBGene00009584,F40F9.7,drap-1,CBF,ENSP00000307850,DRAP1,
WBGene00001092,F53A2.5,dro-1,CBF,ENSP00000236164,DR1,"1, 2"
WBGene00009084,F23B12.7,F23B12.7,CBF,ENSP00000234170,CEBPZ,"1, 2"
WBGene00011614,T08D10.1,nfya-1,CBF,ENSP00000229418,,"1, 2"
WBGene00043056,Y53H1A.5,nfya-2,CBF,ENSP00000229418,,1
WBGene00021132,W10D9.4,nfyb-1,CBF,ENSP00000240055,NFYB,2
WBGene00017742,F23F1.1,nfyc-1,CBF,ENSP00000330989,,1
WBGene00020823,T26A5.8,T26A5.8,CBF,ENSP00000277334,POLE3,"1, 2"
WBGene00013150,Y53F4B.3,Y53F4B.3,CBF,ENSP00000233699,POLE4,"1, 2"
WBGene00000472,F33A8.3,cey-1,COLD BOX,ENSP00000228251,CSDA,"1, 2"
WBGene00000473,F46F11.2,cey-2,COLD BOX,ENSP00000163282,NSEP1,"1, 2"
WBGene00000474,M01E11.5,cey-3,COLD BOX,ENSP00000163282,NSEP1,"1, 2"
WBGene00000475,Y39A1C.3,cey-4,COLD BOX,ENSP00000279550,,1
WBGene00003014,F02E9.2,lin-28,COLD BOX,ENSP00000344401,,2
WBGene00001707,Y48G8AR.1,grh-1,CP2,ENSP00000251808,,1
WBGene00009672,F43G9.12,F43G9.12,GC-rich DNA-binding domain,,,"1, 2"
WBGene00007412,C07E3.1,stip-1,GC-rich DNA-binding domain,,,
WBGene00045215,C02F12.10,C02F12.10,HD,,,1
WBGene00020485,T13C5.4,ceh-54,HD,ENSP00000221996,CRX,"1, 2"
WBGene00007416,C07E3.5,ceh-57,HD,,,1
WBGene00000432,C34C6.8,ceh-7,HD,ENSP00000234392,VAX2,1
WBGene00013876,ZC376.4,ceh-74,HD,,,"1, 2"
WBGene00007749,C26E1.3,ceh-79,HD,,,"1, 2"
WBGene00018434,F45C12.3,ceh-81,HD,,,1
WBGene00018433,F45C12.2,ceh-82,HD,ENSP00000311467,,"1, 2"
WBGene00019137,F59H6.6,ceh-85,HD,,,1
WBGene00018355,F42G2.6,ceh-86,HD,,,"1, 2"
WBGene00018022,F34D6.2,ceh-87,HD,,,
WBGene00010995,R03E1.4,ceh-90,HD,,,
WBGene00013425,Y66A7A.5,ceh-91,HD - 2 domains,,,"1, 2"
WBGene00019864,R04A9.5,ceh-93,HD - 2 domains,,,
WBGene00022861,ZK1193.5,dve-1,HD - 2 domains,,,1
WBGene00000444,T26C11.6,ceh-21,HD - CUT,,,"1, 2"
WBGene00000459,F22D3.1,ceh-38,HD - CUT,,,2
WBGene00000460,T26C11.7,ceh-39,HD - CUT,,,2
WBGene00000462,T26C11.5,ceh-41,HD - CUT,,,"1, 2"
WBGene00000464,Y54F10AM.4,ceh-44,HD - CUT,ENSP00000342189,,
WBGene00015934,C17H12.9,ceh-48,HD - CUT,ENSP00000262095,ONECUT2,"1, 2"
WBGene00017538,F17A9.6,ceh-49,HD - CUT,,,"1, 2"
WBGene00044508,C18F3.4,nsy-7,HD - distant,,,
WBGene00018786,F54A5.1,hmbx-1,HD - HNF,ENSP00000347371,,"1, 2"
WBGene00000436,F33D11.4,ceh-12,HD - HOX,ENSP00000252971,HLXB9,2
WBGene00000437,R13A5.5,ceh-13,HD - HOX,ENSP00000355140,HOXB1,"1, 2"
WBGene00000439,C13G5.1,ceh-16,HD - HOX,ENSP00000297375,EN2,1
WBGene00000442,F20D12.6,ceh-19,HD - HOX,,,2
WBGene00013583,Y80D3A.3,ceh-51,HD - HOX,ENSP00000344285,,"1, 2"
WBGene00007417,C07E3.6,ceh-58,HD - HOX,,,"1, 2"
WBGene00011069,R06F6.6,ceh-62,HD - HOX,,,1
WBGene00044032,T21B4.17,ceh-99,HD - HOX,,,
WBGene00001174,C08C3.1,egl-5,HD - HOX,,,"1, 2"
WBGene00003024,C07H6.7,lin-39,HD - HOX,ENSP00000239151,HOXB5,"1, 2"
WBGene00003102,C08C3.3,mab-5,HD - HOX,ENSP00000239165,HOXB7,1
WBGene00003779,Y75B8A.2,nob-1,HD - HOX,ENSP00000253572,CDX4,"1, 2"
WBGene00003912,C38D4.6,pal-1,HD - HOX,ENSP00000253572,CDX4,1
WBGene00004024,Y75B8A.1,php-3,HD - HOX,ENSP00000006015,HOXA11,"1, 2"
WBGene00006873,M142.4,vab-7,HD - HOX,ENSP00000312385,EVX2,"1, 2"
WBGene00022554,ZC204.2,duxl-1,HD - HOX - 2 domains,ENSP00000311467,,"1, 2"
WBGene00000438,F46C8.5,ceh-14,HD - LIM,ENSP00000241587,,"1, 2"
WBGene00002987,ZC64.4,lim-4,HD - LIM,ENSP00000271609,LHX9,1
WBGene00002988,K03E6.1,lim-6,HD - LIM,ENSP00000343711,LMX1B,"1, 2"
WBGene00002989,C04F1.3,lim-7,HD - LIM,ENSP00000290759,ISL2,"1, 2"
WBGene00003000,ZC247.3,lin-11,HD - LIM,ENSP00000254457,LHX1,1
WBGene00003167,F01D4.6,mec-3,HD - LIM,,,1
WBGene00006654,C40H5.5,ttx-3,HD - LIM,ENSP00000223522,LHX2,1
WBGene00000428,F16H11.4,ceh-1,HD - NK,ENSP00000332299,,
WBGene00000429,C27A12.5,ceh-2,HD - NK,ENSP00000258106,EMX1,"1, 2"
WBGene00000445,F29F11.5,ceh-22,HD - NK,ENSP00000246017,NKX2-2,"1, 2"
WBGene00000446,ZK652.5,ceh-23,HD - NK,ENSP00000302942,EMX2,"1, 2"
WBGene00000447,F55B12.1,ceh-24,HD - NK,ENSP00000346879,TITF1,"1, 2"
WBGene00000449,F46F3.1,ceh-27,HD - NK,ENSP00000238974,NKX2-3,2
WBGene00000450,K03A11.3,ceh-28,HD - NK,ENSP00000327758,NKX2-5,1
WBGene00000451,C33D12.7,ceh-30,HD - NK,ENSP00000263610,BARHL1,
WBGene00000452,C33D12.1,ceh-31,HD - NK,ENSP00000263610,BARHL1,1
WBGene00000463,C28A5.4,ceh-43,HD - NK,ENSP00000222598,DLX5,"1, 2"
WBGene00000430,C16C2.1,ceh-5,HD - NK,ENSP00000234392,VAX2,1
WBGene00008242,C50H2.6,ceh-75,HD - NK,,,
WBGene00000434,Y65B4BR.9,ceh-9,HD - NK,,,
WBGene00000584,R03C1.3,cog-1,HD - NK,ENSP00000295886,NKX6-1,2
WBGene00003377,C39E6.4,mls-2,HD - NK,ENSP00000342854,,"1, 2"
WBGene00004011,M6.3,pha-2,HD - NK,ENSP00000282728,HHEX,
WBGene00006380,F31E8.3,tab-1,HD - NK,ENSP00000344285,,"1, 2"
WBGene00006881,R07B1.1,vab-15,HD - NK,ENSP00000295284,MSX1,"1, 2"
WBGene00000441,ZC64.3,ceh-18,HD - POU,ENSP00000260264,POU2F3,"1, 2"
WBGene00000431,K02B12.1,ceh-6,HD - POU,ENSP00000355001,POU3F3,1
WBGene00009231,F28H6.2,ceh-89,HD - POU,,,1
WBGene00006818,C30A5.7,unc-86,HD - POU,ENSP00000230732,POU4F3,1
WBGene00012584,Y38E10A.6,ceh-100,HD - POU - 10 domains,,,"1, 2"
WBGene00018446,F45C12.15,ceh-83,HD - POU - 2 domains,,,1
WBGene00044330,R08B4.2,alr-1,HD - PRD,ENSP00000005545,ARX,2
WBGene00000435,W03A3.1,ceh-10,HD - PRD,ENSP00000261980,CHX10,"1, 2"
WBGene00000440,D1007.1,ceh-17,HD - PRD,ENSP00000298231,PHOX2A,"1, 2"
WBGene00000457,C37E2.4,ceh-36,HD - PRD,ENSP00000221996,CRX,"1, 2"
WBGene00000458,C37E2.5,ceh-37,HD - PRD,ENSP00000343819,OTX2,"1, 2"
WBGene00022837,ZK993.1,ceh-45,HD - PRD,ENSP00000238558,GSC,1
WBGene00015651,C09G12.1,ceh-53,HD - PRD,ENSP00000311290,PROP1,1
WBGene00016557,C40D2.4,ceh-84,HD - PRD,,,
WBGene00001096,C18B12.3,dsc-1,HD - PRD,ENSP00000286667,ALX3,"1, 2"
WBGene00006652,Y113G7A.6,ttx-1,HD - PRD,ENSP00000282549,OTX1,
WBGene00006766,B0564.10,unc-30,HD - PRD,ENSP00000323303,PITX1,"1, 2"
WBGene00006744,F26C11.2,unc-4,HD - PRD,ENSP00000005545,ARX,"1, 2"
WBGene00006778,F58E6.10,unc-42,HD - PRD,ENSP00000234492,PAX7,"1, 2"
WBGene00000433,ZK265.4,ceh-8,HD - PRD - 2 domains,ENSP00000334813,RAX,"1, 2"
WBGene00013147,Y53C12C.1,eyg-1,"HD - PRD, Paired Domian - CPAX",ENSP00000337430,PAX6,"1, 2"
WBGene00003939,F27E5.2,pax-3,"HD - PRD, Paired Domian - FULL",ENSP00000342092,PAX3,"1, 2"
WBGene00006870,F14F3.1,vab-3,"HD - PRD, Paired Domian - FULL",ENSP00000337430,PAX6,"1, 2"
WBGene00000448,K12H4.1,ceh-26,HD - PROX,ENSP00000261454,PROX1,1
WBGene00000453,W05E10.3,ceh-32,HD - SIX,ENSP00000260653,SIX3,"1, 2"
WBGene00000454,C10G8.7,ceh-33,HD - SIX,ENSP00000247182,SIX1,"1, 2"
WBGene00000455,C10G8.6,ceh-34,HD - SIX,,,"1, 2"
WBGene00006775,F56A12.1,unc-39,HD - SIX,,,"1, 2"
WBGene00000443,F31E3.1,ceh-20,HD - TALE,ENSP00000275123,PBX2,1
WBGene00000461,F17A2.5,ceh-40,HD - TALE,ENSP00000275123,PBX2,"1, 2"
WBGene00008195,C49C3.5,ceh-88,HD - TALE,,,"1, 2"
WBGene00007984,C36F7.1,irx-1,HD - TALE,ENSP00000331608,IRX3,"1, 2"
WBGene00006796,T28F12.2,unc-62,HD - TALE,ENSP00000326296,MEIS2,"1, 2"
WBGene00017690,F22A3.5,ceh-60,HD -TALE,ENSP00000327400,PBX1,1
WBGene00001182,T22B7.1,egl-13,HMG box,ENSP00000344078,,"1, 2"
WBGene00001560,T22H6.6,gei-3,HMG box,ENSP00000160740,CIC,1
WBGene00001971,Y48B6A.14,hmg-1.1,HMG box,ENSP00000296503,HMGB2,"1, 2"
WBGene00012209,W02D9.3,hmg-20,HMG box,ENSP00000336856,HMG20A,"1, 2"
WBGene00001973,C32F10.5,hmg-3,HMG box,ENSP00000278412,SSRP1,"1, 2"
WBGene00001974,T20B12.8,hmg-4,HMG box,ENSP00000278412,SSRP1,"1, 2"
WBGene00009827,F47G4.6,hmg-6,HMG box,,,"1, 2"
WBGene00004077,W10C8.2,pop-1,HMG box,ENSP00000344823,,"1, 2"
WBGene00004771,C32E12.5,sem-2,HMG box,ENSP00000322568,SOX11,
WBGene00004949,K08A8.2,sox-2,HMG box,ENSP00000323588,SOX2,"1, 2"
WBGene00004950,F40E10.2,sox-3,HMG box,ENSP00000245342,SOX21,"1, 2"
WBGene00015716,C12D12.5,sox-4,HMG box,ENSP00000293894,SOX8,1
WBGene00022182,Y71H2AM.17,swsn-3,HMG box,ENSP00000323967,SMARCE1,1
WBGene00001972,F47D12.4,hmg-1.2,HMG box - 2 domains,ENSP00000296503,HMGB2,"1, 2"
WBGene00001975,F45E4.9,hmg-5,HMG box - 2 domains,ENSP00000320311,TFAM,"1, 2"
WBGene00010566,K04G2.7,K04G2.7,HTH,,,
WBGene00003148,H21P03.1,mbf-1,HTH,ENSP00000224073,EDF1,"1, 2"
WBGene00011315,T01C1.2,mbr-1,HTH,ENSP00000352150,,1
WBGene00021679,Y48G1C.6,Y48G1C.6,HTH,,,
WBGene00021808,Y53G8AM.8,Y53G8AM.8,HTH,,,
WBGene00009009,F21D5.4,F21D5.4,"HTH, Brinker",,,
WBGene00020959,W02H5.4,W02H5.4,"HTH, Brinker",,,
WBGene00020251,T05C1.4,camt-1,IPT/TIG,ENSP00000306522,CAMTA1,"1, 2"
WBGene00002245,K08B4.1,lag-1,IPT/TIG,ENSP00000354528,RBPSUH,"1, 2"
WBGene00006743,Y16B4A.1,unc-3,IPT/TIG,ENSP00000322898,EBF,"1, 2"
WBGene00021942,Y55F3BR.5,madf-1,MADF,,,"1, 2"
WBGene00013717,Y106G6H.4,madf-10,MADF,,,"1, 2"
WBGene00015468,C05D2.6,madf-11,MADF,,,
WBGene00009461,F36D1.1,madf-2,MADF,,,"1, 2"
WBGene00011575,T07C12.11,madf-4,MADF,,,1
WBGene00007242,C01G12.1,madf-5,MADF,,,1
WBGene00016930,C54G6.1,madf-6,MADF,,,
WBGene00015502,C06A5.4,madf-7,MADF,,,2
WBGene00008118,C46F11.3,madf-8,MADF,,,"1, 2"
WBGene00022608,ZC416.1,madf-9,MADF,,,"1, 2"
WBGene00019218,H20J04.3,madf-3,MADF - 2 domains,,,2
WBGene00003182,W10D5.1,mef-2,MADS box,ENSP00000346389,MEF2A,"1, 2"
WBGene00006844,D1081.2,unc-120,MADS box,ENSP00000265354,SRF,"1, 2"
WBGene00000899,F25E2.5,daf-3,MH1,ENSP00000341551,SMAD4,1
WBGene00000904,R05D11.1,daf-8,MH1,ENSP00000239886,SMAD9,"1, 2"
WBGene00003592,ZK1290.4,nfi-1,MH1,ENSP00000342859,NFIC,1
WBGene00004856,ZK370.2,sma-2,MH1,ENSP00000305769,SMAD1,"1, 2"
WBGene00004857,R13F6.9,sma-3,MH1,ENSP00000231589,SMAD5,"1, 2"
WBGene00004858,R12B2.1,sma-4,MH1,ENSP00000341551,SMAD4,"1, 2"
WBGene00006445,F37D6.6,tag-68,MH1,,,"1, 2"
WBGene00015091,B0261.1,B0261.1,MYB,ENSP00000351575,BDP1,"1, 2"
WBGene00007053,T04D1.4,chd-7,MYB,ENSP00000307304,CHD7,
WBGene00013676,Y105E8A.17,ekl-4,MYB,ENSP00000354697,DMAP1,"1, 2"
WBGene00017352,F10E7.11,F10E7.11,MYB,ENSP00000346400,,1
WBGene00004203,Y113G7B.23,psa-1,MYB,ENSP00000346311,SMARCC1,2
WBGene00020111,R151.8,R151.8,MYB,ENSP00000348903,,1
WBGene00020320,T07F8.4,T07F8.4,MYB,ENSP00000346400,,"1, 2"
WBGene00008386,D1081.8,D1081.8,MYB - 2 domains,ENSP00000265414,CDC5L,"1, 2"
WBGene00001029,F38A5.13,dnj-11,MYB - 2 domains,ENSP00000249270,ZRF1,"1, 2"
WBGene00018836,F54F2.9,F54F2.9,MYB - 2 domains,ENSP00000259293,DNAJC1,"1, 2"
WBGene00001565,C14B9.6,gei-8,MYB - 2 domains,ENSP00000268712,NCOR1,"1, 2"
WBGene00005006,D1014.8,spr-1,MYB - 2 domains,ENSP00000262241,RCOR1,"1, 2"
WBGene00001568,F32H2.1,gei-11,MYB - 5 domains,ENSP00000298532,SNAPC4,"1, 2"
WBGene00015075,B0238.11,B0238.11,novel,,,"1, 2"
WBGene00016310,C32D5.1,C32D5.1,novel,,,"1, 2"
WBGene00016725,C46H3.2,C46H3.2,novel,,,"1, 2"
WBGene00001155,T05G5.6,ech-6,novel,,,"1, 2"
WBGene00001377,C49A1.4,eya-1,novel,,,2
WBGene00008587,F08G12.3,F08G12.3,novel,,,"1, 2"
WBGene00010353,H02I12.5,H02I12.5,novel,,,"1, 2"
WBGene00003003,T25C12.1,lin-14,novel,,,"1, 2"
WBGene00003037,JC8.6,lin-54,novel,,,"1, 2"
WBGene00004194,C34C6.6,prx-5,novel,,,"1, 2"
WBGene00011060,R06C1.6,R06C1.6,novel,,,1
WBGene00004764,K04G11.2,sel-7,novel,,,"1, 2"
WBGene00011864,T20F10.2,T20F10.2,novel,,,"1, 2"
WBGene00020758,T24C4.2,T24C4.2,novel,,,2
WBGene00014232,ZK1128.6,ttll-4,novel,,,1
WBGene00012471,Y17G7B.20,Y17G7B.20,novel,,,
WBGene00012551,Y37D8A.11,Y37D8A.11,novel,,,"1, 2"
WBGene00021411,Y38C9A.1,Y38C9A.1,novel,,,"1, 2"
WBGene00013380,Y62E10A.14,Y62E10A.14,novel,,,2
WBGene00022042,Y65B4BR.5,Y65B4BR.5,novel,ENSP00000349212,NACA,"1, 2"
WBGene00022562,ZC204.12,ZC204.12,novel,,,"1, 2"
WBGene00014253,ZK1320.3,ZK1320.3,novel,,,"1, 2"
WBGene00006999,F42G4.3,zyx-1,novel,,,"1, 2"
WBGene00000467,F52B5.5,cep-1,p53,,,"1, 2"
WBGene00008999,F21A10.2,F21A10.2,p53,ENSP00000265460,,"1, 2"
WBGene00004134,F59B10.1,pqn-47,p53,ENSP00000265460,,1
WBGene00000938,C26C6.5,dcp-66,p66 family,,,"1, 2"
WBGene00001204,C04G2.7,egl-38,Paired Domain - FULL,ENSP00000346455,PAX5,"1, 2"
WBGene00003937,K07C11.1,pax-1,Paired Domain - FULL,ENSP00000246010,PAX1,"1, 2"
WBGene00003938,K06B9.5,pax-2,Paired Domain - FULL,ENSP00000347385,PAX2,1
WBGene00017664,F21D12.5,npax-1,Paired Domain - NPAX,,,"1, 2"
WBGene00018591,F48B9.5,npax-2,Paired Domain - NPAX,,,"1, 2"
WBGene00011257,R13.2,npax-3,Paired Domain - NPAX,,,"1, 2"
WBGene00007496,C09G9.7,npax-4,Paired Domain - NPAX,,,"1, 2"
WBGene00008976,F20D1.4,F20D1.4,PUR,,,"1, 2"
WBGene00004046,F45E4.2,plp-1,PUR,,,2
WBGene00004393,B0414.2,rnt-1,RNT,ENSP00000319087,,"1, 2"
WBGene00009174,F26H9.2,F26H9.2,RPEL - 2 domains,ENSP00000305530,PHACTR2,
WBGene00015285,C01B12.2,gmeb-1,SAND,ENSP00000266068,GMEB2,1
WBGene00010010,F53H4.5,gmeb-2,SAND,ENSP00000266068,GMEB2,"1, 2"
WBGene00013111,Y51H4A.17,sta-1,STAT,ENSP00000300134,STAT6,"1, 2"
WBGene00003106,T27A1.6,mab-9,T-box,ENSP00000297053,TBX20,"1, 2"
WBGene00003376,H14A12.4,mls-1,T-box,ENSP00000331791,,"1, 2"
WBGene00004750,F19B10.9,sea-1,T-box,,,"1, 2"
WBGene00006547,F40H6.4,tbx-11,T-box,,,"1, 2"
WBGene00006543,F21H11.3,tbx-2,T-box,ENSP00000257567,,"1, 2"
WBGene00006549,Y59E9AR.3,tbx-30,T-box,,,1
WBGene00006550,C36C9.2,tbx-31,T-box,,,1
WBGene00006551,ZK380.1,tbx-32,T-box,,,1
WBGene00006552,Y66A7A.8,tbx-33,T-box,,,1
WBGene00006553,Y47D3A.10,tbx-34,T-box,,,2
WBGene00006554,ZK177.10,tbx-35,T-box,,,1
WBGene00006555,ZK829.5,tbx-36,T-box,,,"1, 2"
WBGene00006556,Y47D3A.12,tbx-37,T-box,ENSP00000177694,TBX21,
WBGene00006557,C24H11.3,tbx-38,T-box,ENSP00000279386,TBX6,"1, 2"
WBGene00006558,Y73F8A.16,tbx-39,T-box,,,2
WBGene00006559,Y73F8A.17,tbx-40,T-box,,,2
WBGene00006560,T26C11.1,tbx-41,T-box,,,1
WBGene00022000,Y59E9AR.5,tbx-42,T-box,,,
WBGene00044798,Y46E12A.4,tbx-43,T-box,,,
WBGene00006544,ZK328.8,tbx-7,T-box,ENSP00000240328,TBX2,
WBGene00006545,T07C4.2,tbx-8,T-box,,,1
WBGene00006546,T07C4.6,tbx-9,T-box,,,1
WBGene00001208,F28B12.2,egl-44,TEA/ATTS,ENSP00000351184,TEAD4,1
WBGene00001081,F47A4.2,dpy-22,TRAP230 family,,,1
WBGene00016272,C30G4.7,C30G4.7,TSC-22/dip/bun,ENSP00000261489,,
WBGene00011824,T18D3.7,T18D3.7,TSC-22/dip/bun,ENSP00000261489,,"1, 2"
WBGene00012994,Y48C3A.12,Y48C3A.12,TSC-22/dip/bun,ENSP00000354885,,2
WBGene00001820,F53B2.6,ham-1,WH,,,"1, 2"
WBGene00003241,T05C12.6,mig-5,WH,,,"1, 2"
WBGene00000895,B0412.1,dac-1,WH - DAC,ENSP00000346604,,"1, 2"
WBGene00020368,T08H4.3,ast-1,WH - ETS,ENSP00000339627,FLI1,2
WBGene00016029,C24A1.2,elf-1,WH - ETS,ENSP00000239882,ELF1,2
WBGene00006462,C33A11.4,ets-3,WH - ETS,ENSP00000257831,EHF,"1, 2"
WBGene00017687,F22A3.1,ets-4,WH - ETS,ENSP00000315408,SPDEF,1
WBGene00016600,C42D8.4,ets-5,WH - ETS,ENSP00000295727,FEV,"1, 2"
WBGene00017598,F19F10.1,ets-6,WH - ETS,ENSP00000349966,ERG,"1, 2"
WBGene00017601,F19F10.5,ets-7,WH - ETS,ENSP00000281428,,1
WBGene00016798,C50A2.4,ets-8,WH - ETS,ENSP00000345585,,
WBGene00016865,C52B9.2,ets-9,WH - ETS,ENSP00000222279,ETV2,"1, 2"
WBGene00002990,C37F5.1,lin-1,WH - ETS,ENSP00000228741,ELK3,1
WBGene00007907,C34B4.2,C34B4.2,WH - Fork Head,,,
WBGene00001442,C25A1.2,fkh-10,WH - Fork Head,,,1
WBGene00001434,T14G12.4,fkh-2,WH - Fork Head,ENSP00000339004,FOXG1C,"1, 2"
WBGene00001435,C29F7.4,fkh-3,WH - Fork Head,,,2
WBGene00001436,C29F7.5,fkh-4,WH - Fork Head,,,1
WBGene00001437,F26A1.2,fkh-5,WH - Fork Head,,,"1, 2"
WBGene00001438,B0286.5,fkh-6,WH - Fork Head,ENSP00000064324,FOXC1,"1, 2"
WBGene00001440,F40H3.4,fkh-8,WH - Fork Head,ENSP00000354449,,"1, 2"
WBGene00001441,K03C7.2,fkh-9,WH - Fork Head,,,
WBGene00010553,K04C1.3,K04C1.3,WH - Fork Head,,,1
WBGene00002601,F26B1.7,let-381,WH - Fork Head,ENSP00000259806,FOXF2,1
WBGene00003017,K10G6.1,lin-31,WH - Fork Head,ENSP00000306807,FOXB1,"1, 2"
WBGene00003976,T28H11.4,pes-1,WH - Fork Head,ENSP00000306807,FOXB1,"1, 2"
WBGene00004013,F38A6.1,pha-4,WH - Fork Head,ENSP00000250448,FOXA1,"1, 2"
WBGene00012074,T27A8.2,T27A8.2,WH - Fork Head,,,"1, 2"
WBGene00006853,C47G2.2,unc-130,WH - Fork Head,ENSP00000334691,FOXD3,"1, 2"
WBGene00000912,R13H8.1,daf-16,"WH - Fork Head, AT Hook",ENSP00000339527,FOXO3A,"1, 2"
WBGene00002004,Y53C10A.12,hsf-1,WH - HSF,ENSP00000332698,HSF1,1
WBGene00013134,Y53C10A.3,hsf-2,WH - HSF,,,1
WBGene00044805,Y53C10A.15,Y53C10A.15,WH - HSF,,,
WBGene00000914,F33H1.1,daf-19,WH - RFX,ENSP00000352076,,1
WBGene00001061,T23G7.1,dpl-1,WH - TDP,ENSP00000352355,TFDP1,"1, 2"
WBGene00001161,Y102A5C.18,efl-1,WH - TDP,ENSP00000256117,E2F5,1
WBGene00001162,Y48C3A.17,efl-2,WH - TDP,ENSP00000262904,E2F3,2
WBGene00009899,F49E12.6,efl-3,WH - TDP - 2 domains,ENSP00000250024,,"1, 2"
WBGene00007645,C17E4.6,C17E4.6,YL1 TF,ENSP00000295315,TCFL1,"1, 2"
WBGene00012674,Y39B6A.12,bed-1,ZF - BED,,,"1, 2"
WBGene00012943,Y47D3B.9,bed-2,ZF - BED,,,"1, 2"
WBGene00009133,F25H8.6,bed-3,ZF - BED,,,2
WBGene00001570,F58A4.11,gei-13,ZF - BED,,,1
WBGene00010704,K09A11.1,K09A11.1,ZF - BED,ENSP00000216268,ZBED4,"1, 2"
WBGene00020396,T10B5.10,T10B5.10,ZF - BED,,,
WBGene00013639,Y105C5A.15,Y105C5A.15,ZF - BED,,,"1, 2"
WBGene00014060,ZK673.4,ZK673.4,ZF - BED,,,
WBGene00001079,T22B3.1,dpy-20,ZF - BED x2,,,1
WBGene00003021,F44B9.6,lin-36,"ZF - C2CH - 1 finger, ZF - THAP",,,"1, 2"
WBGene00044386,C27A2.7,C27A2.7,ZF - C2H2,,,
WBGene00044791,F55C5.11,F55C5.11,ZF - C2H2,,,
WBGene00004747,C25D7.3,sdc-3,ZF - C2H2,,,"1, 2"
WBGene00007063,2L52.1,2L52.1,ZF - C2H2 - 1 finger,,,1
WBGene00013595,Y87G2A.3,atg-4.1,ZF - C2H2 - 1 finger,ENSP00000355256,APG4A,2
WBGene00007223,C01F6.9,C01F6.9,ZF - C2H2 - 1 finger,ENSP00000311768,,"1, 2"
WBGene00015352,C02F5.12,C02F5.12,ZF - C2H2 - 1 finger,,,
WBGene00015527,C06E2.1,C06E2.1,ZF - C2H2 - 1 finger,,,"1, 2"
WBGene00016427,C34H4.5,C34H4.5,ZF - C2H2 - 1 finger,,,
WBGene00008007,C38D4.7,C38D4.7,ZF - C2H2 - 1 finger,,,"1, 2"
WBGene00016712,C46E10.8,C46E10.8,ZF - C2H2 - 1 finger,,,"1, 2"
WBGene00016888,C52E12.1,C52E12.1,ZF - C2H2 - 1 finger,ENSP00000248125,ZNF598,
WBGene00019629,K10D2.3,cid-1,ZF - C2H2 - 1 finger,ENSP00000311339,ZCCHC6,"1, 2"
WBGene00008363,D1046.2,D1046.2,ZF - C2H2 - 1 finger,,,"1, 2"
WBGene00008417,D2030.7,D2030.7,ZF - C2H2 - 1 finger,,,"1, 2"
WBGene00016200,C28H8.9,dpff-1,ZF - C2H2 - 1 finger,ENSP00000252268,DPF2,"1, 2"
WBGene00011696,T10G3.5,eea-1,ZF - C2H2 - 1 finger,ENSP00000317955,EEA1,1
WBGene00001210,K11G9.4,egl-46,ZF - C2H2 - 1 finger,ENSP00000306523,INSM2,1
WBGene00043705,Y55F3AM.7,egrh-2,ZF - C2H2 - 1 finger,,,
WBGene00009014,F21D5.9,F21D5.9,ZF - C2H2 - 1 finger,,,1
WBGene00009026,F21G4.5,F21G4.5,ZF - C2H2 - 1 finger,,,"1, 2"
WBGene00009190,F27D4.6,F27D4.6,ZF - C2H2 - 1 finger,,,"1, 2"
WBGene00018140,F37B4.10,F37B4.10,ZF - C2H2 - 1 finger,,,1
WBGene00018248,F40G9.14,F40G9.14,ZF - C2H2 - 1 finger,,,1
WBGene00009687,F44D12.10,F44D12.10,ZF - C2H2 - 1 finger,,,1
WBGene00018432,F45C12.1,F45C12.1,ZF - C2H2 - 1 finger,,,1
WBGene00018636,F49E8.2,F49E8.2,ZF - C2H2 - 1 finger,,,1
WBGene00009923,F52B5.7,F52B5.7,ZF - C2H2 - 1 finger,,,
WBGene00009965,F53B7.2,F53B7.2,ZF - C2H2 - 1 finger,,,
WBGene00010086,F55B11.4,F55B11.4,ZF - C2H2 - 1 finger,,,"1, 2"
WBGene00050929,F58D12.5,F58D12.5,ZF - C2H2 - 1 finger,,,
WBGene00010453,K01B6.1,fozi-1,ZF - C2H2 - 1 finger,,,"1, 2"
WBGene00001867,T07G12.12,him-8,ZF - C2H2 - 1 finger,,,1
WBGene00019407,K05F1.5,K05F1.5,ZF - C2H2 - 1 finger,ENSP00000274507,LECT2,1
WBGene00019651,K11D12.12,K11D12.12,ZF - C2H2 - 1 finger,,,
WBGene00010781,K11H3.4,K11H3.4,ZF - C2H2 - 1 finger,,,
WBGene00019691,K12H6.12,K12H6.12,ZF - C2H2 - 1 finger,,,"1, 2"
WBGene00003012,F18A1.2,lin-26,ZF - C2H2 - 1 finger,,,"1, 2"
WBGene00003044,F18A1.3,lir-1,ZF - C2H2 - 1 finger,,,"1, 2"
WBGene00003045,F18A1.4,lir-2,ZF - C2H2 - 1 finger,,,"1, 2"
WBGene00003046,F37H8.1,lir-3,ZF - C2H2 - 1 finger,,,"1, 2"
WBGene00013096,Y51H1A.6,mcd-1,ZF - C2H2 - 1 finger,,,"1, 2"
WBGene00004111,C37A2.5,pqn-21,ZF - C2H2 - 1 finger,,,"1, 2"
WBGene00019824,R02D3.7,R02D3.7,ZF - C2H2 - 1 finger,,,"1, 2"
WBGene00019878,R05D3.3,R05D3.3,ZF - C2H2 - 1 finger,,,"1, 2"
WBGene00011113,R07E5.5,R07E5.5,ZF - C2H2 - 1 finger,,,1
WBGene00021538,Y42H9AR.3,rabs-5,ZF - C2H2 - 1 finger,ENSP00000253699,ZFYVE20,2
WBGene00008683,F11A10.2,repo-1,ZF - C2H2 - 1 finger,ENSP00000221494,SF3A2,1
WBGene00004751,K10G6.3,sea-2,ZF - C2H2 - 1 finger,,,1
WBGene00010868,M04G12.4,somi-1,ZF - C2H2 - 1 finger,,,1
WBGene00009743,F45H11.1,sptf-1,ZF - C2H2 - 1 finger,ENSP00000297210,,"1, 2"
WBGene00015447,C04F5.5,srab-2,ZF - C2H2 - 1 finger,,,1
WBGene00012976,Y48A6C.3,sup-35,ZF - C2H2 - 1 finger,,,"1, 2"
WBGene00011547,T06G6.5,T06G6.5,ZF - C2H2 - 1 finger,,,1
WBGene00011626,T08G5.7,T08G5.7,ZF - C2H2 - 1 finger,,,
WBGene00011924,T22C8.3,T22C8.3,ZF - C2H2 - 1 finger,,,"1, 2"
WBGene00011925,T22C8.4,T22C8.4,ZF - C2H2 - 1 finger,,,1
WBGene00011956,T23F11.4,T23F11.4,ZF - C2H2 - 1 finger,,,"1, 2"
WBGene00006580,T23G4.1,tlp-1,ZF - C2H2 - 1 finger,ENSP00000312257,ZNF503,"1, 2"
WBGene00017733,F23C8.4,ubxn-1,ZF - C2H2 - 1 finger,ENSP00000294119,,"1, 2"
WBGene00021019,W04B5.2,W04B5.2,ZF - C2H2 - 1 finger,,,1
WBGene00012243,W04D2.4,W04D2.4,ZF - C2H2 - 1 finger,,,1
WBGene00021387,Y37F4.6,Y37F4.6,ZF - C2H2 - 1 finger,,,
WBGene00021637,Y47G6A.7,Y47G6A.7,ZF - C2H2 - 1 finger,ENSP00000243896,SLC35C2,
WBGene00012974,Y48A6C.1,Y48A6C.1,ZF - C2H2 - 1 finger,ENSP00000318024,,1
WBGene00013006,Y48E1B.7,Y48E1B.7,ZF - C2H2 - 1 finger,,,1
WBGene00013128,Y52B11A.9,Y52B11A.9,ZF - C2H2 - 1 finger,ENSP00000281372,KIN,"1, 2"
WBGene00013152,Y53F4B.5,Y53F4B.5,ZF - C2H2 - 1 finger,,,1
WBGene00013178,Y53H1A.2,Y53H1A.2,ZF - C2H2 - 1 finger,,,1
WBGene00021885,Y54G2A.20,Y54G2A.20,ZF - C2H2 - 1 finger,,,
WBGene00013236,Y56A3A.18,Y56A3A.18,ZF - C2H2 - 1 finger,ENSP00000270812,ZNF593,"1, 2"
WBGene00013270,Y57A10A.31,Y57A10A.31,ZF - C2H2 - 1 finger,ENSP00000299305,ARIH1,"1, 2"
WBGene00022349,Y82E9BR.17,Y82E9BR.17,ZF - C2H2 - 1 finger,,,1
WBGene00011597,T07G12.6,zim-1,ZF - C2H2 - 1 finger,,,"1, 2"
WBGene00011600,T07G12.10,zim-2,ZF - C2H2 - 1 finger,,,1
WBGene00011601,T07G12.11,zim-3,ZF - C2H2 - 1 finger,,,"1, 2"
WBGene00022671,ZK177.3,ZK177.3,ZF - C2H2 - 1 finger,,,"1, 2"
WBGene00022681,ZK185.1,ZK185.1,ZF - C2H2 - 1 finger,,,"1, 2"
WBGene00022785,ZK652.6,ZK652.6,ZF - C2H2 - 1 finger,ENSP00000319986,KCMF1,"1, 2"
WBGene00022794,ZK686.4,ZK686.4,ZF - C2H2 - 1 finger,ENSP00000274712,ZMAT2,1
WBGene00010936,M163.2,ztf-14,ZF - C2H2 - 1 finger,ENSP00000265526,GLI3,
WBGene00020763,T24C4.7,ztf-18,ZF - C2H2 - 1 finger,,,"1, 2"
WBGene00012988,Y48C3A.4,ztf-22,ZF - C2H2 - 1 finger,,,2
WBGene00011661,T09F3.1,ztf-27,ZF - C2H2 - 1 finger,,,"1, 2"
WBGene00016905,C53D5.4,ztf-3,ZF - C2H2 - 1 finger,,,"1, 2"
WBGene00020399,T10B11.3,ztf-4,ZF - C2H2 - 1 finger,,,"1, 2"
WBGene00009365,F33H1.4,F33H1.4,"ZF - C2H2 - 1 finger, AT Hook x3",,,1
WBGene00007042,C26C6.1,pbrm-1,"ZF - C2H2 - 1 finger, HMG box",ENSP00000349213,,1
WBGene00017967,F32A5.1,ada-2,"ZF - C2H2 - 1 finger, MYB",ENSP00000308022,,1
WBGene00010012,F53H10.2,saeg-1,"ZF - C2H2 - 1 finger, MYB",ENSP00000346285,,
WBGene00001439,F26D12.1,fkh-7,"ZF - C2H2 - 1 finger, WH - Fork Head",ENSP00000353689,FOXP4,1
WBGene00021689,Y48G8AL.10,Y48G8AL.10,ZF - C2H2 - 12 fingers,ENSP00000306351,,
WBGene00005009,C09H6.1,spr-4,ZF - C2H2 - 14 fingers,ENSP00000337455,ZNF142,"1, 2"
WBGene00003002,C03B8.4,lin-13,ZF - C2H2 - 15 fingers,ENSP00000284020,,
WBGene00007105,B0035.1,B0035.1,ZF - C2H2 - 2 fingers,ENSP00000340029,ZNF207,"1, 2"
WBGene00015138,B0310.2,B0310.2,ZF - C2H2 - 2 fingers,,,1
WBGene00015620,C08G9.2,C08G9.2,ZF - C2H2 - 2 fingers,,,"1, 2"
WBGene00001035,T03F6.2,dnj-17,ZF - C2H2 - 2 fingers,ENSP00000343728,,1
WBGene00017651,F21A9.2,F21A9.2,ZF - C2H2 - 2 fingers,,,2
WBGene00018420,F44E2.7,F44E2.7,ZF - C2H2 - 2 fingers,,,"1, 2"
WBGene00001821,C07A12.1,ham-2,ZF - C2H2 - 2 fingers,,,"1, 2"
WBGene00019598,K09H9.7,K09H9.7,ZF - C2H2 - 2 fingers,,,1
WBGene00019611,K10B3.5,K10B3.5,ZF - C2H2 - 2 fingers,,,"1, 2"
WBGene00009834,F47H4.1,lsy-27,ZF - C2H2 - 2 fingers,,,"1, 2"
WBGene00011206,R10E4.11,R10E4.11,ZF - C2H2 - 2 fingers,,,1
WBGene00020093,R144.3,R144.3,ZF - C2H2 - 2 fingers,,,1
WBGene00016948,C55C2.1,scrt-1,ZF - C2H2 - 2 fingers,,,
WBGene00004745,F52E10.1,sdc-1,ZF - C2H2 - 2 fingers,,,1
WBGene00014131,ZK892.7,sdz-38,ZF - C2H2 - 2 fingers,,,"1, 2"
WBGene00020630,T20F7.1,T20F7.1,ZF - C2H2 - 2 fingers,,,"1, 2"
WBGene00020635,T20H4.2,T20H4.2,ZF - C2H2 - 2 fingers,,,"1, 2"
WBGene00021000,W03F9.2,W03F9.2,ZF - C2H2 - 2 fingers,,,"1, 2"
WBGene00012473,Y17G7B.22,Y17G7B.22,ZF - C2H2 - 2 fingers,,,
WBGene00021254,Y22D7AL.16,Y22D7AL.16,ZF - C2H2 - 2 fingers,,,1
WBGene00021688,Y48G8AL.9,Y48G8AL.9,ZF - C2H2 - 2 fingers,,,
WBGene00021704,Y48G9A.11,Y48G9A.11,ZF - C2H2 - 2 fingers,,,1
WBGene00013240,Y56A3A.28,Y56A3A.28,ZF - C2H2 - 2 fingers,ENSP00000323945,,1
WBGene00013505,Y71A12B.8,Y71A12B.8,ZF - C2H2 - 2 fingers,,,
WBGene00022334,Y82E9BR.1,Y82E9BR.1,ZF - C2H2 - 2 fingers,,,1
WBGene00022387,Y95B8A.7,Y95B8A.7,ZF - C2H2 - 2 fingers,ENSP00000265069,,1
WBGene00018704,F52E4.8,ztf-13,ZF - C2H2 - 2 fingers,,,1
WBGene00011639,T09A5.12,ztf-17,ZF - C2H2 - 2 fingers,,,"1, 2"
WBGene00012405,Y6G8.3,ztf-25,ZF - C2H2 - 2 fingers,,,"1, 2"
WBGene00018099,F36F12.8,ztf-28,ZF - C2H2 - 2 fingers,,,"1, 2"
WBGene00013438,Y66D12A.12,ztf-29,ZF - C2H2 - 2 fingers,,,
WBGene00015523,C06E1.8,ztf-30,ZF - C2H2 - 2 fingers,,,1
WBGene00012317,W06H12.1,ztf-6,ZF - C2H2 - 2 fingers,ENSP00000354487,,"1, 2"
WBGene00007433,C08B11.3,C08B11.3,"ZF - C2H2 - 2 fingers, ARID/BRIGHT",ENSP00000335044,ARID2,1
WBGene00015451,C04F5.9,C04F5.9,ZF - C2H2 - 3 fingers,,,"1, 2"
WBGene00015809,C16A3.4,C16A3.4,ZF - C2H2 - 3 fingers,ENSP00000310042,ZNF622,"1, 2"
WBGene00000995,C18D1.1,die-1,ZF - C2H2 - 3 fingers,,,"1, 2"
WBGene00007772,C27C12.2,egrh-1,ZF - C2H2 - 3 fingers,ENSP00000239938,EGR1,"1, 2"
WBGene00044651,Y94H6A.11,egrh-3,ZF - C2H2 - 3 fingers,,,
WBGene00017430,F13H6.1,F13H6.1,ZF - C2H2 - 3 fingers,ENSP00000280435,,1
WBGene00017814,F26A10.2,F26A10.2,ZF - C2H2 - 3 fingers,ENSP00000221355,,"1, 2"
WBGene00018567,F47E1.3,F47E1.3,ZF - C2H2 - 3 fingers,ENSP00000276594,PRDM14,1
WBGene00019011,F57C9.4,F57C9.4,ZF - C2H2 - 3 fingers,,,"1, 2"
WBGene00010770,K11D2.4,K11D2.4,ZF - C2H2 - 3 fingers,ENSP00000309784,ZNF32,1
WBGene00018990,F56F11.3,klf-1,ZF - C2H2 - 3 fingers,ENSP00000259349,KLF4,"1, 2"
WBGene00009998,F53F8.1,klf-2,ZF - C2H2 - 3 fingers,ENSP00000261438,KLF3,1
WBGene00003480,F54H5.4,klf-3,ZF - C2H2 - 3 fingers,ENSP00000350807,KLF8,2
WBGene00003380,C10A4.8,mnm-2,ZF - C2H2 - 3 fingers,,,"1, 2"
WBGene00003845,B0280.4,odd-1,ZF - C2H2 - 3 fingers,,,"1, 2"
WBGene00003846,C34H3.2,odd-2,ZF - C2H2 - 3 fingers,ENSP00000297565,OSR2,"1, 2"
WBGene00004096,F40F8.7,pqm-1,ZF - C2H2 - 3 fingers,,,"1, 2"
WBGene00004335,C47C12.3,ref-2,ZF - C2H2 - 3 fingers,ENSP00000282928,ZIC1,"1, 2"
WBGene00013350,Y59A8B.13,slr-2,ZF - C2H2 - 3 fingers,ENSP00000349161,,
WBGene00011926,T22C8.5,sptf-2,ZF - C2H2 - 3 fingers,ENSP00000222584,SP4,"1, 2"
WBGene00012735,Y40B1A.4,sptf-3,ZF - C2H2 - 3 fingers,ENSP00000310301,SP3,"1, 2"
WBGene00006827,F08C6.7,unc-98,ZF - C2H2 - 3 fingers,ENSP00000271977,,"1, 2"
WBGene00020942,W02D7.6,W02D7.6,ZF - C2H2 - 3 fingers,,,"1, 2"
WBGene00021374,Y37E11B.1,Y37E11B.1,ZF - C2H2 - 3 fingers,,,"1, 2"
WBGene00013465,Y67H2A.10,Y67H2A.10,ZF - C2H2 - 3 fingers,,,
WBGene00013537,Y73F8A.33,Y73F8A.33,ZF - C2H2 - 3 fingers,,,
WBGene00013580,Y79H2A.3,Y79H2A.3,ZF - C2H2 - 3 fingers,,,1
WBGene00022592,ZC328.2,ZC328.2,ZF - C2H2 - 3 fingers,ENSP00000331067,ZNF25,1
WBGene00022762,ZK546.5,ZK546.5,ZF - C2H2 - 3 fingers,,,1
WBGene00022795,ZK686.5,ZK686.5,ZF - C2H2 - 3 fingers,,,
WBGene00020848,T27B1.2,ztf-19,ZF - C2H2 - 3 fingers,,,1
WBGene00008762,F13G3.1,ztf-2,ZF - C2H2 - 3 fingers,ENSP00000252713,ZNF655,"1, 2"
WBGene00012702,Y39B6A.46,ztf-20,ZF - C2H2 - 3 fingers,,,2
WBGene00010137,F55H12.6,ztf-26,ZF - C2H2 - 3 fingers,,,
WBGene00022598,ZC395.8,ztf-8,ZF - C2H2 - 3 fingers,,,"1, 2"
WBGene00013966,ZK287.6,ztf-9,ZF - C2H2 - 3 fingers,,,1
WBGene00018794,F54C4.3,attf-3,"ZF - C2H2 - 3 fingers, AT Hook",,,1
WBGene00003847,F25D7.3,blmp-1,ZF - C2H2 - 4 fingers,ENSP00000071246,PRDM1,"1, 2"
WBGene00016713,C46E10.9,C46E10.9,ZF - C2H2 - 4 fingers,,,"1, 2"
WBGene00016890,C52E12.6,C52E12.6,ZF - C2H2 - 4 fingers,,,
WBGene00000468,F43G9.11,ces-1,ZF - C2H2 - 4 fingers,ENSP00000340112,,"1, 2"
WBGene00000483,C55B7.12,che-1,ZF - C2H2 - 4 fingers,ENSP00000350492,ZNF79,"1, 2"
WBGene00001207,R53.3,egl-43,ZF - C2H2 - 4 fingers,ENSP00000270722,PRDM16,"1, 2"
WBGene00008640,F10B5.3,F10B5.3,ZF - C2H2 - 4 fingers,,,"1, 2"
WBGene00018959,F56D1.1,F56D1.1,ZF - C2H2 - 4 fingers,,,"1, 2"
WBGene00010401,H16D19.3,H16D19.3,ZF - C2H2 - 4 fingers,,,2
WBGene00019299,K02D7.2,K02D7.2,ZF - C2H2 - 4 fingers,ENSP00000020945,SNAI2,
WBGene00003033,F34D10.5,lin-48,ZF - C2H2 - 4 fingers,ENSP00000246049,,"1, 2"
WBGene00044068,ZK867.1,syd-9,ZF - C2H2 - 4 fingers,ENSP00000324605,ZNF660,2
WBGene00011583,T07D10.3,T07D10.3,ZF - C2H2 - 4 fingers,,,"1, 2"
WBGene00013970,ZK337.2,ZK337.2,ZF - C2H2 - 4 fingers,ENSP00000239938,EGR1,"1, 2"
WBGene00018833,F54F2.5,ztf-1,ZF - C2H2 - 4 fingers,,,"1, 2"
WBGene00009772,F46B6.7,ztf-7,ZF - C2H2 - 4 fingers,ENSP00000354501,ZNF277,2
WBGene00006970,F28F9.1,zag-1,"ZF - C2H2 - 4 fingers, HD - ZFHD",ENSP00000353778,,"1, 2"
WBGene00016189,C28G1.4,C28G1.4,ZF - C2H2 - 5 fingers,,,"1, 2"
WBGene00009508,F37D6.2,F37D6.2,ZF - C2H2 - 5 fingers,ENSP00000267807,SUHW4,2
WBGene00003015,W03C9.4,lin-29,ZF - C2H2 - 5 fingers,ENSP00000291413,,"1, 2"
WBGene00009937,F52F12.4,lsl-1,ZF - C2H2 - 5 fingers,ENSP00000321049,ZNF227,"1, 2"
WBGene00003087,F49H12.1,lsy-2,ZF - C2H2 - 5 fingers,ENSP00000319479,ZNF404,"1, 2"
WBGene00003218,M04B2.1,mep-1,ZF - C2H2 - 5 fingers,,,"1, 2"
WBGene00003909,F45B8.4,pag-3,ZF - C2H2 - 5 fingers,ENSP00000294702,GFI1,2
WBGene00006604,Y47D3A.6,tra-1,ZF - C2H2 - 5 fingers,ENSP00000312694,,"1, 2"
WBGene00012639,Y38H8A.5,Y38H8A.5,ZF - C2H2 - 5 fingers,ENSP00000283268,ZNF312,1
WBGene00012385,Y5F2A.4,Y5F2A.4,ZF - C2H2 - 5 fingers,,,"1, 2"
WBGene00011066,R06C7.9,ztf-15,ZF - C2H2 - 5 fingers,,,1
WBGene00007121,B0250.4,B0250.4,ZF - C2H2 - 6 fingers,,,"1, 2"
WBGene00015649,C09F5.3,C09F5.3,ZF - C2H2 - 6 fingers,ENSP00000262383,ZNF423,1
WBGene00016154,C27A12.2,C27A12.2,ZF - C2H2 - 6 fingers,,,"1, 2"
WBGene00001223,ZK616.10,ehn-3,ZF - C2H2 - 6 fingers,ENSP00000343443,ZNF588,2
WBGene00005011,F26F4.8,F26F4.8,ZF - C2H2 - 6 fingers,,,1
WBGene00010264,F58G1.2,F58G1.2,ZF - C2H2 - 6 fingers,,,2
WBGene00019751,M03D4.4,M03D4.4,ZF - C2H2 - 6 fingers,ENSP00000345514,,"1, 2"
WBGene00011505,T05G11.1,pzf-1,ZF - C2H2 - 6 fingers,,,"1, 2"
WBGene00006492,C27A12.3,tag-146,ZF - C2H2 - 6 fingers,,,1
WBGene00018740,F53B3.1,tra-4,ZF - C2H2 - 6 fingers,,,"1, 2"
WBGene00013734,Y111B2A.10,Y111B2A.10,ZF - C2H2 - 6 fingers,,,1
WBGene00015274,C01B7.1,ztf-12,ZF - C2H2 - 6 fingers,,,1
WBGene00021846,Y54E10BR.8,ztf-23,ZF - C2H2 - 6 fingers,ENSP00000339314,ZNF70,"1, 2"
WBGene00017406,F12E12.5,sdz-12,ZF - C2H2 - 7 fingers,,,2
WBGene00004773,F15C11.1,sem-4,ZF - C2H2 - 7 fingers,ENSP00000340501,,"1, 2"
WBGene00004862,T05A10.1,sma-9,ZF - C2H2 - 7 fingers,,,1
WBGene00005008,C07A12.5,spr-3,ZF - C2H2 - 7 fingers,,,1
WBGene00009448,F35H8.3,zfp-2,ZF - C2H2 - 7 fingers,,,"1, 2"
WBGene00019960,R08E3.4,ztf-16,ZF - C2H2 - 8 fingers,,,
WBGene00001324,R11E3.6,eor-1,ZF - C2H2 - 9 fingers,ENSP00000340307,MYNN,2
WBGene00009553,F39B2.1,F39B2.1,ZF - C2H2 - 9 fingers,ENSP00000318085,,"1, 2"
WBGene00001824,F13D11.2,hbl-1,ZF - C2H2 - 9 fingers,ENSP00000337455,ZNF142,"1, 2"
WBGene00021931,Y55F3AM.14,Y55F3AM.14,ZF - C2H2 - 9 fingers,ENSP00000346382,,2
WBGene00022518,ZC123.3,ZC123.3,"ZF - C2H2 - 9 fingers, HD - 3 domains",ENSP00000050961,ZFHX4,1
WBGene00009939,F52F12.6,ztf-11,ZF - C2HC - 2 fingers,ENSP00000353269,,1
WBGene00007929,C34D1.1,dmd-10,ZF - DM,,,1
WBGene00007930,C34D1.2,dmd-11,ZF - DM,,,"1, 2"
WBGene00012832,Y43F8C.10,dmd-3,ZF - DM,,,1
WBGene00007776,C27C12.6,dmd-4,ZF - DM,ENSP00000190165,DMRT3,"1, 2"
WBGene00017326,F10C1.5,dmd-5,ZF - DM,ENSP00000319651,DMRTA1,"1, 2"
WBGene00007058,F13G11.1,dmd-6,ZF - DM,,,"1, 2"
WBGene00019521,K08B12.2,dmd-7,ZF - DM,,,
WBGene00022060,Y67D8A.3,dmd-9,ZF - DM,,,1
WBGene00003114,C32C4.5,mab-23,ZF - DM,,,
WBGene00020708,T22H9.4,dmd-8,ZF - DM - 2 domains,,,
WBGene00003100,Y53C12B.5,mab-3,ZF - DM - 2 domains,,,"1, 2"
WBGene00012435,Y11D7A.12,flh-1,ZF - FLYWCH,,,"1, 2"
WBGene00016138,C26E6.2,flh-2,ZF - FLYWCH,,,1
WBGene00012436,Y11D7A.13,flh-3,ZF - FLYWCH,,,"1, 2"
WBGene00003968,T14F9.4,peb-1,ZF - FLYWCH,,,1
WBGene00001186,F55A8.1,egl-18,ZF - GATA,ENSP00000345681,GATA2,"1, 2"
WBGene00001250,C33D3.1,elt-2,ZF - GATA,,,"1, 2"
WBGene00001251,K02B9.4,elt-3,ZF - GATA,,,"1, 2"
WBGene00001252,C39B10.6,elt-4,ZF - GATA,,,
WBGene00001253,F52C12.5,elt-6,ZF - GATA,ENSP00000218266,GATA1,"1, 2"
WBGene00015981,C18G1.2,elt-7,ZF - GATA,,,2
WBGene00001310,F58E10.2,end-1,ZF - GATA,,,"1, 2"
WBGene00001311,F58E10.5,end-3,ZF - GATA,,,"1, 2"
WBGene00003180,T24D3.1,med-1,ZF - GATA,,,1
WBGene00003181,K04C2.6,med-2,ZF - GATA,,,
WBGene00001249,W09C2.1,elt-1,ZF - GATA - 2 domains,ENSP00000218266,GATA1,"1, 2"
WBGene00001194,C04A2.3,egl-27,"ZF - GATA, MYB",ENSP00000338629,RERE,1
WBGene00003025,T27C4.4,lin-40,"ZF - GATA, MYB",ENSP00000282366,MTA3,"1, 2"
WBGene00022278,Y74C9A.4,Y74C9A.4,"ZF - GATA, MYB (2x)",ENSP00000326840,RCOR3,2
WBGene00007048,C16A3.7,nfx-1,ZF - NF-X1 - 10 domains,ENSP00000353576,,1
WBGene00014208,ZK1067.2,ZK1067.2,ZF - NF-X1 - 2 domains,ENSP00000244030,,
WBGene00000908,F11A1.3,daf-12,ZF - NHR,ENSP00000342470,NR1H3,"1, 2"
WBGene00001062,R10D12.2,dpr-1,ZF - NHR,,,1
WBGene00001400,F56E3.4,fax-1,ZF - NHR,ENSP00000317199,NR2E3,"1, 2"
WBGene00003600,R09G11.2,nhr-1,ZF - NHR,,,"1, 2"
WBGene00003609,B0280.8,nhr-10,ZF - NHR,,,"1, 2"
WBGene00003690,C28D4.1,nhr-100,ZF - NHR,,,1
WBGene00003691,H12C20.6,nhr-101,ZF - NHR,,,
WBGene00003692,T06C12.6,nhr-102,ZF - NHR,,,2
WBGene00003693,F44C8.4,nhr-103,ZF - NHR,,,"1, 2"
WBGene00003694,R11E3.5,nhr-104,ZF - NHR,,,1
WBGene00003695,C06G3.1,nhr-105,ZF - NHR,,,"1, 2"
WBGene00003696,T01G6.4,nhr-106,ZF - NHR,,,1
WBGene00003697,C33G8.11,nhr-107,ZF - NHR,,,
WBGene00003698,F35E8.12,nhr-108,ZF - NHR,,,"1, 2"
WBGene00003699,T12C9.5,nhr-109,ZF - NHR,,,
WBGene00003610,ZC410.1,nhr-11,ZF - NHR,,,"1, 2"
WBGene00003700,Y46H3D.5,nhr-110,ZF - NHR,,,2
WBGene00003701,F44G3.9,nhr-111,ZF - NHR,,,"1, 2"
WBGene00003702,Y70C5C.6,nhr-112,ZF - NHR,,,1
WBGene00003703,ZK1025.9,nhr-113,ZF - NHR,,,"1, 2"
WBGene00003704,Y45G5AM.1,nhr-114,ZF - NHR,,,
WBGene00003705,T27B7.4,nhr-115,ZF - NHR,,,1
WBGene00003706,F09C6.9,nhr-116,ZF - NHR,,,1
WBGene00003707,F16B4.12,nhr-117,ZF - NHR,,,2
WBGene00003708,F13A2.8,nhr-118,ZF - NHR,,,
WBGene00003709,K12H6.1,nhr-119,ZF - NHR,,,"1, 2"
WBGene00003611,R04B5.4,nhr-12,ZF - NHR,,,2
WBGene00003710,C25B8.6,nhr-120,ZF - NHR,,,1
WBGene00003711,E02H9.8,nhr-121,ZF - NHR,,,"1, 2"
WBGene00003712,Y41D4B.9,nhr-122,ZF - NHR,,,
WBGene00003713,M02H5.7,nhr-123,ZF - NHR,,,"1, 2"
WBGene00003714,C17E7.8,nhr-124,ZF - NHR,,,"1, 2"
WBGene00003715,R02D1.1,nhr-125,ZF - NHR,,,"1, 2"
WBGene00003716,F44C8.10,nhr-126,ZF - NHR,,,"1, 2"
WBGene00003717,T13F3.3,nhr-127,ZF - NHR,,,"1, 2"
WBGene00003718,F44C8.5,nhr-128,ZF - NHR,,,"1, 2"
WBGene00003719,C50B6.14,nhr-129,ZF - NHR,,,
WBGene00003612,Y5H2B.2,nhr-13,ZF - NHR,,,"1, 2"
WBGene00003720,T01G6.8,nhr-130,ZF - NHR,,,"1, 2"
WBGene00003721,T01G6.2,nhr-131,ZF - NHR,,,
WBGene00003722,R11G11.1,nhr-132,ZF - NHR,,,"1, 2"
WBGene00003723,F44C8.8,nhr-133,ZF - NHR,,,2
WBGene00003724,F44C8.2,nhr-134,ZF - NHR,,,"1, 2"
WBGene00003726,C13C4.3,nhr-136,ZF - NHR,,,1
WBGene00003727,C56E10.4,nhr-137,ZF - NHR,,,"1, 2"
WBGene00003728,C28D4.9,nhr-138,ZF - NHR,,,
WBGene00016365,C33G8.8,nhr-139,ZF - NHR,,,"1, 2"
WBGene00003613,T01B10.4,nhr-14,ZF - NHR,ENSP00000343807,,"1, 2"
WBGene00016366,C33G8.9,nhr-140,ZF - NHR,,,"1, 2"
WBGene00017787,F25E5.6,nhr-141,ZF - NHR,,,"1, 2"
WBGene00018430,F44E7.8,nhr-142,ZF - NHR,,,1
WBGene00019116,F59E11.11,nhr-143,ZF - NHR,,,"1, 2"
WBGene00012703,Y39B6A.47,nhr-145,ZF - NHR,,,
WBGene00045255,Y41D4B.27,nhr-146,ZF - NHR,,,
WBGene00015395,C03G6.8,nhr-147,ZF - NHR,,,"1, 2"
WBGene00015396,C03G6.10,nhr-148,ZF - NHR,,,"1, 2"
WBGene00015397,C03G6.12,nhr-149,ZF - NHR,,,1
WBGene00003614,F33E11.1,nhr-15,ZF - NHR,,,"1, 2"
WBGene00007367,C06B8.1,nhr-150,ZF - NHR,,,"1, 2"
WBGene00015705,C12D5.2,nhr-152,ZF - NHR,,,"1, 2"
WBGene00007546,C13C4.1,nhr-153,ZF - NHR,,,"1, 2"
WBGene00007547,C13C4.2,nhr-154,ZF - NHR,,,1
WBGene00015758,C14C6.4,nhr-155,ZF - NHR,,,1
WBGene00015897,C17E7.1,nhr-156,ZF - NHR,,,"1, 2"
WBGene00015900,C17E7.5,nhr-157,ZF - NHR,,,1
WBGene00015901,C17E7.6,nhr-158,ZF - NHR,,,1
WBGene00015902,C17E7.7,nhr-159,ZF - NHR,,,1
WBGene00003615,T12C9.6,nhr-16,ZF - NHR,,,2
WBGene00016364,C33G8.7,nhr-161,ZF - NHR,,,
WBGene00016367,C33G8.10,nhr-162,ZF - NHR,,,"1, 2"
WBGene00016368,C33G8.12,nhr-163,ZF - NHR,,,"1, 2"
WBGene00008056,C41G6.5,nhr-164,ZF - NHR,,,2
WBGene00008158,C47F8.2,nhr-165,ZF - NHR,,,"1, 2"
WBGene00016772,C49D10.2,nhr-166,ZF - NHR,,,"1, 2"
WBGene00008208,C49F5.4,nhr-167,ZF - NHR,,,1
WBGene00008221,C50B6.8,nhr-168,ZF - NHR,,,1
WBGene00008289,C54C8.1,nhr-169,ZF - NHR,,,"1, 2"
WBGene00003616,C02B4.2,nhr-17,ZF - NHR,,,"1, 2"
WBGene00008309,C54E10.5,nhr-170,ZF - NHR,,,"1, 2"
WBGene00016926,C54F6.8,nhr-171,ZF - NHR,,,"1, 2"
WBGene00016927,C54F6.9,nhr-172,ZF - NHR,,,1
WBGene00016975,C56E10.1,nhr-173,ZF - NHR,,,1
WBGene00008474,E03H4.6,nhr-174,ZF - NHR,,,1
WBGene00008630,F09F3.10,nhr-175,ZF - NHR,,,1
WBGene00008830,F14H3.11,nhr-176,ZF - NHR,,,"1, 2"
WBGene00017503,F16B4.1,nhr-177,ZF - NHR,,,2
WBGene00017510,F16B4.9,nhr-178,ZF - NHR,,,"1, 2"
WBGene00017512,F16B4.11,nhr-179,ZF - NHR,,,2
WBGene00003617,F44C8.3,nhr-18,ZF - NHR,,,"1, 2"
WBGene00017961,F31F4.12,nhr-180,ZF - NHR,,,"1, 2"
WBGene00018189,F38H12.3,nhr-181,ZF - NHR,,,"1, 2"
WBGene00018265,F41B5.9,nhr-182,ZF - NHR,,,1
WBGene00018266,F41B5.10,nhr-183,ZF - NHR,,,"1, 2"
WBGene00018415,F44C8.9,nhr-184,ZF - NHR,,,"1, 2"
WBGene00018539,F47C10.1,nhr-185,ZF - NHR,,,"1, 2"
WBGene00018541,F47C10.3,nhr-186,ZF - NHR,,,"1, 2"
WBGene00018542,F47C10.4,nhr-187,ZF - NHR,,,"1, 2"
WBGene00018544,F47C10.7,nhr-188,ZF - NHR,,,"1, 2"
WBGene00018545,F47C10.8,nhr-189,ZF - NHR,,,
WBGene00003618,E02H1.7,nhr-19,ZF - NHR,,,"1, 2"
WBGene00018622,F48G7.11,nhr-190,ZF - NHR,,,"1, 2"
WBGene00010180,F57A8.5,nhr-192,ZF - NHR,,,"1, 2"
WBGene00010215,F57G8.6,nhr-193,ZF - NHR,,,"1, 2"
WBGene00019115,F59E11.10,nhr-195,ZF - NHR,,,1
WBGene00010600,K06B4.5,nhr-196,ZF - NHR,,,"1, 2"
WBGene00010602,K06B4.7,nhr-197,ZF - NHR,,,"1, 2"
WBGene00010603,K06B4.8,nhr-198,ZF - NHR,,,"1, 2"
WBGene00010604,K06B4.10,nhr-199,ZF - NHR,,,"1, 2"
WBGene00003601,C32F10.6,nhr-2,ZF - NHR,,,"1, 2"
WBGene00003619,F43C1.4,nhr-20,ZF - NHR,,,2
WBGene00019741,M02H5.3,nhr-201,ZF - NHR,,,1
WBGene00019742,M02H5.4,nhr-202,ZF - NHR,,,
WBGene00019743,M02H5.5,nhr-203,ZF - NHR,,,
WBGene00019816,R02C2.4,nhr-204,ZF - NHR,,,1
WBGene00011002,R04B5.3,nhr-205,ZF - NHR,,,"1, 2"
WBGene00011097,R07B7.13,nhr-206,ZF - NHR,,,1
WBGene00011098,R07B7.14,nhr-207,ZF - NHR,,,"1, 2"
WBGene00011099,R07B7.15,nhr-208,ZF - NHR,,,"1, 2"
WBGene00011100,R07B7.16,nhr-209,ZF - NHR,,,1
WBGene00003620,F21D12.1,nhr-21,ZF - NHR,,,"1, 2"
WBGene00020015,R11G11.12,nhr-210,ZF - NHR,,,1
WBGene00020152,T01G6.5,nhr-211,ZF - NHR,,,2
WBGene00020153,T01G6.6,nhr-212,ZF - NHR,,,"1, 2"
WBGene00011520,T06C12.13,nhr-213,ZF - NHR,,,"1, 2"
WBGene00011567,T07C5.4,nhr-215,ZF - NHR,,,1
WBGene00020385,T09D3.4,nhr-216,ZF - NHR,,,"1, 2"
WBGene00011651,T09E11.2,nhr-217,ZF - NHR,,,1
WBGene00011750,T13F3.2,nhr-218,ZF - NHR,,,1
WBGene00003621,K06A1.4,nhr-22,ZF - NHR,,,"1, 2"
WBGene00020591,T19H12.8,nhr-220,ZF - NHR,,,"1, 2"
WBGene00020748,T24A6.8,nhr-221,ZF - NHR,,,1
WBGene00020750,T24A6.11,nhr-222,ZF - NHR,,,1
WBGene00012050,T26E4.8,nhr-223,ZF - NHR,,,1
WBGene00020849,T27B7.2,nhr-225,ZF - NHR,,,1
WBGene00020850,T27B7.3,nhr-226,ZF - NHR,,,"1, 2"
WBGene00020851,T27B7.5,nhr-227,ZF - NHR,,,1
WBGene00020852,T27B7.6,nhr-228,ZF - NHR,,,2
WBGene00013795,Y116A8C.18,nhr-229,ZF - NHR,,,1
WBGene00003622,C01H6.5,nhr-23,ZF - NHR,ENSP00000355068,RORB,"1, 2"
WBGene00012446,Y17D7A.1,nhr-230,ZF - NHR,,,1
WBGene00012449,Y17D7B.1,nhr-231,ZF - NHR,,,"1, 2"
WBGene00012494,Y22F5A.1,nhr-232,ZF - NHR,,,"1, 2"
WBGene00006471,Y32B12B.6,nhr-233,ZF - NHR,,,1
WBGene00012596,Y38E10A.18,nhr-234,ZF - NHR,,,2
WBGene00021417,Y38F2AL.5,nhr-236,ZF - NHR,,,
WBGene00021610,Y46H3D.6,nhr-237,ZF - NHR,,,"1, 2"
WBGene00021611,Y46H3D.7,nhr-238,ZF - NHR,,,
WBGene00021848,Y54F10AM.1,nhr-239,ZF - NHR,,,
WBGene00013483,Y69H2.8,nhr-241,ZF - NHR,,,
WBGene00022097,Y69A2AR.26,nhr-242,ZF - NHR,,,1
WBGene00013584,Y80D3A.4,nhr-243,ZF - NHR,,,2
WBGene00014189,ZK1025.10,nhr-245,ZF - NHR,,,2
WBGene00014193,ZK1037.5,nhr-247,ZF - NHR,,,1
WBGene00013940,ZK218.6,nhr-248,ZF - NHR,,,1
WBGene00003623,F11C1.6,nhr-25,ZF - NHR,ENSP00000349064,NR5A2,1
WBGene00022755,ZK488.1,nhr-250,ZF - NHR,,,1
WBGene00022756,ZK488.4,nhr-251,ZF - NHR,,,"1, 2"
WBGene00022637,ZK6.2,nhr-252,ZF - NHR,,,1
WBGene00022639,ZK6.4,nhr-253,ZF - NHR,,,"1, 2"
WBGene00022640,ZK6.5,nhr-254,ZF - NHR,,,1
WBGene00014068,ZK678.2,nhr-255,ZF - NHR,,,
WBGene00022805,ZK697.2,nhr-256,ZF - NHR,,,"1, 2"
WBGene00015869,C17A2.1,nhr-257,ZF - NHR,,,"1, 2"
WBGene00016126,C26B2.4,nhr-258,ZF - NHR,,,"1, 2"
WBGene00011568,T07C5.5,nhr-26,ZF - NHR,,,1
WBGene00016517,C38C3.9,nhr-260,ZF - NHR,,,"1, 2"
WBGene00016777,C49D10.9,nhr-261,ZF - NHR,,,1
WBGene00008619,F09C6.8,nhr-262,ZF - NHR,,,1
WBGene00008778,F14A5.1,nhr-264,ZF - NHR,,,1
WBGene00009608,F41D3.3,nhr-265,ZF - NHR,,,1
WBGene00018993,F56H1.2,nhr-266,ZF - NHR,,,1
WBGene00010410,H22D14.1,nhr-267,ZF - NHR,,,"1, 2"
WBGene00010601,K06B4.6,nhr-268,ZF - NHR,,,1
WBGene00011150,R08H2.9,nhr-269,ZF - NHR,,,1
WBGene00008901,F16H9.2,nhr-27,ZF - NHR,,,1
WBGene00020062,R13D11.8,nhr-270,ZF - NHR,,,1
WBGene00011396,T03E6.3,nhr-271,ZF - NHR,,,"1, 2"
WBGene00011565,T07C5.2,nhr-272,ZF - NHR,,,1
WBGene00020460,T12C9.1,nhr-273,ZF - NHR,,,
WBGene00021522,Y41D4B.21,nhr-274,ZF - NHR,,,
WBGene00021163,Y5H2A.2,nhr-275,ZF - NHR,,,
WBGene00013512,Y71A12C.1,nhr-276,ZF - NHR,,,1
WBGene00022374,Y94H6A.1,nhr-277,ZF - NHR,,,2
WBGene00022636,ZK6.1,nhr-278,ZF - NHR,,,1
WBGene00003624,C11G6.4,nhr-28,ZF - NHR,,,2
WBGene00008884,F16B12.8,nhr-281,ZF - NHR,,,"1, 2"
WBGene00010186,F57A10.6,nhr-283,ZF - NHR,,,
WBGene00012056,T26E4.16,nhr-285,ZF - NHR,,,
WBGene00044699,VC5.6,nhr-286,ZF - NHR,,,1
WBGene00003602,H01A20.1,nhr-3,ZF - NHR,,,"1, 2"
WBGene00016091,C25E10.1,nhr-30,ZF - NHR,,,1
WBGene00003625,C26B2.3,nhr-31,ZF - NHR,,,"1, 2"
WBGene00003626,K08H2.8,nhr-32,ZF - NHR,,,2
WBGene00013976,ZK455.6,nhr-33,ZF - NHR,,,1
WBGene00003627,F58G6.5,nhr-34,ZF - NHR,,,2
WBGene00003628,C07A12.3,nhr-35,ZF - NHR,ENSP00000346339,HNF4G,"1, 2"
WBGene00017198,F07C3.10,nhr-36,ZF - NHR,,,
WBGene00018412,F44C4.2,nhr-37,ZF - NHR,,,"1, 2"
WBGene00003629,K01H12.3,nhr-38,ZF - NHR,,,"1, 2"
WBGene00018404,F44A2.4,nhr-39,ZF - NHR,,,1
WBGene00003603,F32B6.1,nhr-4,ZF - NHR,,,"1, 2"
WBGene00003630,T03G6.2,nhr-40,ZF - NHR,,,2
WBGene00022423,Y104H12A.1,nhr-41,ZF - NHR,ENSP00000333275,,1
WBGene00003632,C33G8.6,nhr-42,ZF - NHR,,,"1, 2"
WBGene00003633,C29E6.5,nhr-43,ZF - NHR,,,"1, 2"
WBGene00003634,T19A5.4,nhr-44,ZF - NHR,,,1
WBGene00003635,F16H11.5,nhr-45,ZF - NHR,,,1
WBGene00003636,C45E5.6,nhr-46,ZF - NHR,,,"1, 2"
WBGene00003637,C24G6.4,nhr-47,ZF - NHR,,,"1, 2"
WBGene00003638,ZK662.3,nhr-48,ZF - NHR,,,
WBGene00003639,K10C3.6,nhr-49,ZF - NHR,ENSP00000346339,HNF4G,"1, 2"
WBGene00003604,Y73F8A.21,nhr-5,ZF - NHR,,,
WBGene00003640,C06C6.5,nhr-50,ZF - NHR,,,"1, 2"
WBGene00003641,K06B4.1,nhr-51,ZF - NHR,,,1
WBGene00003642,K06B4.2,nhr-52,ZF - NHR,,,
WBGene00003643,K06B4.11,nhr-53,ZF - NHR,,,2
WBGene00003644,F36D3.2,nhr-54,ZF - NHR,,,"1, 2"
WBGene00003645,T01G6.7,nhr-55,ZF - NHR,,,1
WBGene00003646,F44C8.6,nhr-56,ZF - NHR,,,"1, 2"
WBGene00003647,T05B4.2,nhr-57,ZF - NHR,,,"1, 2"
WBGene00003648,R11G11.2,nhr-58,ZF - NHR,,,"1, 2"
WBGene00003649,T27B7.1,nhr-59,ZF - NHR,,,"1, 2"
WBGene00003605,C48D5.1,nhr-6,ZF - NHR,ENSP00000344479,NR4A2,"1, 2"
WBGene00003650,F57A10.5,nhr-60,ZF - NHR,,,"1, 2"
WBGene00003651,W01D2.2,nhr-61,ZF - NHR,,,1
WBGene00003652,Y67A6A.2,nhr-62,ZF - NHR,,,"1, 2"
WBGene00003653,C06C6.4,nhr-63,ZF - NHR,,,"1, 2"
WBGene00003654,C45E1.1,nhr-64,ZF - NHR,ENSP00000312987,HNF4A,1
WBGene00003655,Y17D7A.3,nhr-65,ZF - NHR,,,"1, 2"
WBGene00003656,T09A12.4,nhr-66,ZF - NHR,,,1
WBGene00003657,C08F8.8,nhr-67,ZF - NHR,ENSP00000230083,NR2E1,"1, 2"
WBGene00003658,H12C20.3,nhr-68,ZF - NHR,,,"1, 2"
WBGene00003659,T23H4.2,nhr-69,ZF - NHR,ENSP00000343807,,"1, 2"
WBGene00003606,F54D1.4,nhr-7,ZF - NHR,,,"1, 2"
WBGene00003660,Y51A2D.17,nhr-70,ZF - NHR,,,"1, 2"
WBGene00003661,K11E4.5,nhr-71,ZF - NHR,,,"1, 2"
WBGene00003662,C17A2.8,nhr-72,ZF - NHR,,,"1, 2"
WBGene00003663,C27C7.4,nhr-73,ZF - NHR,,,2
WBGene00003664,C27C7.3,nhr-74,ZF - NHR,,,"1, 2"
WBGene00003665,C49D10.6,nhr-75,ZF - NHR,,,"1, 2"
WBGene00015497,C05G6.1,nhr-76,ZF - NHR,,,"1, 2"
WBGene00003667,T15D6.6,nhr-77,ZF - NHR,,,1
WBGene00003668,F36A4.14,nhr-78,ZF - NHR,,,1
WBGene00003669,T26H2.9,nhr-79,ZF - NHR,,,2
WBGene00003607,F33D4.1,nhr-8,ZF - NHR,ENSP00000229022,VDR,"1, 2"
WBGene00003670,H10E21.3,nhr-80,ZF - NHR,,,"1, 2"
WBGene00003671,C47F8.8,nhr-81,ZF - NHR,,,"1, 2"
WBGene00003672,F41D3.1,nhr-82,ZF - NHR,,,"1, 2"
WBGene00003673,F48G7.3,nhr-83,ZF - NHR,,,1
WBGene00003674,T06C12.7,nhr-84,ZF - NHR,,,"1, 2"
WBGene00003675,W05B5.3,nhr-85,ZF - NHR,ENSP00000310006,NR1D2,"1, 2"
WBGene00003676,Y40B10A.8,nhr-86,ZF - NHR,,,
WBGene00003677,Y41D4B.7,nhr-87,ZF - NHR,,,1
WBGene00003678,K08A2.5,nhr-88,ZF - NHR,,,"1, 2"
WBGene00003679,E03H4.13,nhr-89,ZF - NHR,,,1
WBGene00003608,ZK418.1,nhr-9,ZF - NHR,,,"1, 2"
WBGene00003680,ZK488.2,nhr-90,ZF - NHR,,,"1, 2"
WBGene00003681,Y15E3A.1,nhr-91,ZF - NHR,ENSP00000341135,NR6A1,"1, 2"
WBGene00003682,Y41D4B.8,nhr-92,ZF - NHR,,,1
WBGene00003684,C12D5.8,nhr-94,ZF - NHR,,,1
WBGene00003685,Y39B6A.17,nhr-95,ZF - NHR,,,"1, 2"
WBGene00003686,F44C8.11,nhr-96,ZF - NHR,,,"1, 2"
WBGene00003687,H27C11.1,nhr-97,ZF - NHR,,,"1, 2"
WBGene00003688,M02H5.6,nhr-98,ZF - NHR,,,"1, 2"
WBGene00003689,M02H5.1,nhr-99,ZF - NHR,,,2
WBGene00003854,T18D3.2,odr-7,ZF - NHR,,,"1, 2"
WBGene00004786,F44A6.2,sex-1,ZF - NHR,ENSP00000246672,NR1D1,"1, 2"
WBGene00016233,C29G2.5,srt-58,ZF - NHR,,,1
WBGene00006790,F55D12.4,unc-55,ZF - NHR,ENSP00000325819,NR2F1,1
WBGene00045515,ZK1037.13,ZK1037.13,ZF - NHR,,,1
WBGene00003725,VC5.5,nhr-135,ZF - NHR - 2 domains,,,
WBGene00020555,T19A5.5,nhr-219,ZF - NHR - 2 domains,,,1
WBGene00015147,B0336.7,B0336.7,ZF - THAP,,,"1, 2"
WBGene00000383,C17G10.4,cdc-14,ZF - THAP,ENSP00000354916,,"1, 2"
WBGene00006424,F49E10.5,ctbp-1,ZF - THAP,ENSP00000311825,,1
WBGene00013055,Y50E8A.12,Y50E8A.12,ZF - THAP,,,
,,,,,,
RNAi feeding clones exist in the Ahringer library (1) or ORFeome 1.1 library (2) available from  Source Bioscience and Open Biosystems,,,,,,
